id,title,score,url,num_comments,created,subreddit
h8qg0u,Bollywood actor Sushant Singh Rajput commits suicide,7836,https://www.timesnownews.com/india/article/bollywood-actor-sushant-singh-rajput-commits-suicide-reports/606237,1543,2020-06-14 14:38:38,india
jvw5pd,"After constantly being told off in Bombay because I didn't have the right connections/contacts, I finally said ""Screw Bollywood."" and made a short action video on my own because I don't plan on giving up. Would love to know what you guys think about it!",6450,https://v.redd.it/zlwjxowbctz51,422,2020-11-17 22:05:42,india
qw0f9a,"Vir Das - I COME FROM TWO INDIAS - at Kennedy Centre, Washington DC.",3397,https://www.reddit.com/r/india/comments/qw0f9a/vir_das_i_come_from_two_indias_at_kennedy_centre/,414,2021-11-17 19:57:05,india
1b4ln7z,The whole Ambani wedding situation.,3036,https://www.reddit.com/r/india/comments/1b4ln7z/the_whole_ambani_wedding_situation/,801,2024-03-02 16:23:37,india
ud1l2f,Insecure and Dumb Bollywood guy LOL.,2960,https://i.redd.it/zl3ebhz362w81.png,637,2022-04-27 17:13:32,india
1iav11y,Decided to renounce my Indian citizenship after 10 years of waiting and believing,2869,https://www.reddit.com/r/india/comments/1iav11y/decided_to_renounce_my_indian_citizenship_after/,572,2025-01-27 05:57:21,india
j9ott1,"[BREAKING] Suit has been filed before Delhi High Court by four Bollywood industry Assns & 34 leading Bollywood producers AGAINST, Republic TV, Arnab Goswami, Pradeep Bhandari, Times Now, Rahul Shivshankar, Navika Kumar.",2786,https://twitter.com/barandbench/status/1315598815747952640?s=19,236,2020-10-12 16:29:50,india
i2zhtm,Ram Gopal Varma announces film titled ‘Arnab -The News Prostitute’; calls out the journalist for his TV debates on Bollywood,2745,https://www.bollywoodhungama.com/news/bollywood/ram-gopal-varma-announces-film-titled-arnab-news-prostitute-calls-journalist-tv-debates-bollywood/,189,2020-08-03 21:23:01,india
mb7yny,Sex Education 101 for Indians,2704,https://www.reddit.com/r/india/comments/mb7yny/sex_education_101_for_indians/,389,2021-03-23 11:27:05,india
v1wiso,KK (Bollywood singer) has sadly passed away. More details awaited.,2689,https://i.imgur.com/B9Uy9c7.jpg,276,2022-05-31 23:46:05,india
zwils5,Rajamouli says high fees of Actors led to Downfall of Bollywood in 2022. This is how much Popular stars were paid for all their releases till early 2023.(Salary Source: Pinkvilla).,2590,https://i.redd.it/ypwct6dd6i8a1.png,362,2022-12-27 21:17:05,india
uaebno,SEX EDUCATION 101 for INDIANS,2549,https://www.reddit.com/r/india/comments/uaebno/sex_education_101_for_indians/,344,2022-04-24 02:10:20,india
buw4vi,Netflix and other streaming services should have a 'Skip Song' feature (like 'Skip Intro) for Bollywood movies.,2233,https://www.reddit.com/r/india/comments/buw4vi/netflix_and_other_streaming_services_should_have/,149,2019-05-30 23:12:21,india
gvqkt5,"Abhay Deol slams ‘woke Indian celebrities’ talking about black lives but not minorities, migrants in India - bollywood",2214,https://www.hindustantimes.com/bollywood/abhay-deol-slams-woke-indian-celebrities-talking-about-black-lives-but-not-minorities-migrants-in-india/story-YCvdAKsxg0yYex0nqYNAoN.html,160,2020-06-03 14:43:33,india
j22k7q,"If all in bollywood are called druggies then why aren't all in politics called rapists, murderers and scammers?",1967,https://www.reddit.com/r/india/comments/j22k7q/if_all_in_bollywood_are_called_druggies_then_why/,153,2020-09-29 21:54:36,india
